,1,2_to_5,6_to_20,21_to_many
Barcelona,Canyelles,Sant Genís Dels Agudells,Baró De Viver,Baró De Viver
Euskadi,Zumarraga,Tolosa,Abadiã±O,Abadiã±O
Girona,Darnius,Ogassa,Agullana,Agullana
Madrid,Atalaya,Pavones,Abrantes,Abrantes
Malaga,Centro,Campanillas,Puerto De La Torre,Bailen-Miraflores
Mallorca,Sa Pobla,Estellencs,Estellencs,Alaró
Menorca,Es Migjorn Gran,Es Migjorn Gran,Es Castell,Es Castell
Sevilla,Las Letanías,Aeropuerto Viejo,Aeropuerto Viejo,Aeropuerto Viejo
Valencia,El Calvari,Ciutat Universitaria,Vara De Quart,La Creu Del Grau
